ExtensionID,ExtensionName,Status
nnpnnpemnckcfdebeekibpiijlicmpom,VPNCity - Fast &amp; Unlimited VPN | Unblocker,Active
kkodiihpgodmdankclfibbiphjkfdenh,ParrotTalks抄筆記,Active
oaikpkmjciadfpddlpjjdapglcihgdle,Uvoice,Active
dpggmcodlahmljkhlmpgpdcffdaoccni,"Internxt VPN - Free, Encrypted &amp; Unlimited VPN",Active
acmfnomgphggonodopogfbmkneepfgnh,Bookmark Favicon Changer,Active
mnhffkhmpnefgklngfmlndmkimimbphc,Castorus,Active
cedgndijpacnfbdggppddacngjfdkaca,WayinVideo - AI YouTube Summarizer &amp; Transcript Generator &amp; Moments,Active
bbdnohkpnbkdkmnkddobeafboooinpla,Chrome Web Store,Active
egmennebgadmncfjafcemlecimkepcle,VidHelper - Video Download Helper,Active
bibjgkidgpfbblifamdlkdlhgihmfohh,Chrome Web Store,Active
befflofjcniongenjmbkgkoljhgliihe,TinaMind - The most powerful AI Assistant!,Active
pkgciiiancapdlpcbppfkmeaieppikkk,Chrome Web Store,Active
llimhhconnjiflfimocjggfjdlmlhblm,Reader Mode,Active
oeiomhmbaapihbilkfkhmlajkeegnjhe,Primus,Active
ekpkdmohpdnebfedjjfklhpefgpgaaji,Tackker - online keylogger tool,Active
epikoohpebngmakjinphfiagogjcnddm,Chrome Web Store,Active
miglaibdlgminlepgeifekifakochlka,Chrome Web Store,Active
eanofdhdfbcalhflpbdipkjjkoimeeod,Rewards Search Automator,Active
ogbhbgkiojdollpjbhbamafmedkeockb,Chrome Web Store,Active
bgejafhieobnfpjlpcjjggoboebonfcg,Chrome Web Store,Active
igbodamhgjohafcenbcljfegbipdfjpk,Keyboard History Recorder,Active
mbindhfolmpijhodmgkloeeppmkhpmhc,Email Hunter,Active
hodiladlefdpcbemnbbcpclbmknkiaem,Google Meet Enhanced Experience,Active
pajkjnmeojmbapicmbpliphjmcekeaac,Cyberhaven security extension V3,Active
ndlbedplllcgconngcnfmkadhokfaaln,GraphQL Network Inspector,Active
epdjhgbipjpbbhoccdeipghoihibnfja,Chrome Web Store,Active
cplhlgabfijoiabgkigdafklbhhdkahj,Vidnoz Flex - Video recorder &amp; Video share,Active
jiofmdifioeejeilfkpegipdjiopiekl,YesCaptcha assistant,Active
hihblcmlaaademjlakdpicchbjnnnkbo,Proxy SwitchyOmega (V3),Active
lbneaaedflankmgmfbmaplggbmjjmbae,Chrome Web Store,Active
eaijffijbobmnonfhilihbejadplhddo,Chrome Web Store,Active
hmiaoahjllhfgebflooeeefeiafpkfde,Chrome Web Store,Active
mdaboflcmhejfihjcbmdiebgfchigjcf,Chrome Web Store,
gaoflciahikhligngeccdecgfjngejlh,Chrome Web Store,
fedimamkpgiemhacbdhkkaihgofncola,Chrome Web Store,
jlhgcomgldfapimdboelilfcipigkgik,Chrome Web Store,
jdjldbengpgdcfkljfdmakdgmfpneldd,Chrome Web Store,
deljjimclpnhngmikaiiodgggdniaooh,Chrome Web Store,
giaoehhefkmchjbbdnahgeppblbdejmj,Chrome Web Store,
hmooaemjmediafeacjplpbpenjnpcneg,Chrome Web Store,
acbiaofoeebeinacmcknopaikmecdehl,Chrome Web Store,
nlgphodeccebbcnkgmokeegopgpnjfkc,Chrome Web Store,
fbcgkphadgmbalmlklhbdagcicajenei,Chrome Web Store,
alplpnakfeabeiebipdmaenpmbgknjce,Chrome Web Store,
ogcaehilgakehloljjmajoempaflmdci,Chrome Web Store,
onomjaelhagjjojbkcafidnepbfkpnee,Chrome Web Store,
bpconcjcammlapcogcnnelfmaeghhagj,Chrome Web Store,
gdocgbfmddcfnlnpmnghmjicjognhonm,Chrome Web Store,
fbmlcbhdmilaggedifpihjgkkmdgeljh,Reader View,
lhfgpkbdjfgdgcmpfdlcldohckepmidb,Chrome Web Store,
lkpiodmpjdhhhkdhdbnncigggodgdfli,Chrome Web Store,
gmigkpkjegnpmjpmnmgnkhmoinpgdnfc,Chrome Web Store,
jpdlneoinfoijpiodbocgjhpalhegaie,Chrome Web Store,
pdcohffegleekoehjhafagpohpjckcgh,Chrome Web Store,
faihnblmeedkfdeghdhimhgcdkhcaphb,Chrome Web Store,
gaphdgiciagcoikgdldobainboocpoid,Chrome Web Store,
hcmbimkddpfppcliidckggmfghocfafh,Chrome Web Store,
pocfdebmmcmfanifcfeeiafokecfkikj,Chrome Web Store,
mipophmjfhpecleajkijfifmffcjdiac,Chrome Web Store,
mblkbbabkcmjnegndgcepingkhcjabhh,Chrome Web Store,
bacicbbedbgjonbafnmoekmploklfmao,Hole.io Unblocked,
ejeecppjjcpcclomlodghpjjlihfcbkf,Chrome Web Store,
ffmojdkcgbiepappjpenimeidhldnibk,Chrome Web Store,
efdnilbdigepbjkckljemoifjnnkamob,Chrome Web Store,
gmmdfmcllbelhpjfggbmiamilhbfhlji,Chrome Web Store,
ndcahmkjpabhlakhjilmnpbjmcpngien,Chrome Web Store,
ejegejbfcinnompejfcmjpolljkfkgfh,Chrome Web Store,
bmkpibhkckdgncchaodfphkhipmiinga,Chrome Web Store,
fcfmhlijjmckglejcgdclfneafoehafm,Chrome Web Store,
kkgmdjjpobmenpkhcclceelekpbnnana,Chrome Web Store,
oiiegmhfibklpccpeoegpblibiljinap,Chrome Web Store,
koffbbfiodjgpibaahdpodppdahhppfn,Chrome Web Store,
ckcfkaikieiicfdeomgehmnjglnofhde,Chrome Web Store,
plpmggfglncceinmilojdkiijhmajkjh,Chrome Web Store,
ebldcmdjfokdlhlldbfgljogkjkadoag,Chrome Web Store,
jnfbbgcbjbmndefaeopjlicndkpoiijj,Chrome Web Store,
knmmpciebaoojcpjjoeonlcjacjopcpf,Chrome Web Store,
ealidhdffgdnpnleccmkflgjablmmeid,Chrome Web Store,
pghpaiiokhmphkhhdbhmpmjbkhhhblke,Chrome Web Store,
onlfplekhflgkkahfknbomblkbodojin,Chrome Web Store,
fcihjjeicllgohlhdnmjjelfefboemng,Chrome Web Store,
lnfeimcodfbhcnbllmeemfadfnmeacac,Chrome Web Store,
plbdecidfccdnfalpnbjdilfcmjichdk,Chrome Web Store,
mjkgicbimflmibgncimppcdnolfnimch,Chrome Web Store,
jlejemblfhoaabnkabommaomhocjfkgl,Chrome Web Store,
bhiibmginjfaoflclcpbkijochaimnnj,Chrome Web Store,
cillhjakfcmnkgmknampjnpodihgejkb,Chrome Web Store,
ndhaplegimoabombidcdfogcnpmcicik,Chrome Web Store,
hnflmljcnfilfecedajepfkdfladaegc,Chrome Web Store,
ppdofgbomnffhdmngcpibhmdkdmhpdan,Chrome Web Store,
gdfjahfbaillhkeigeinoomhjnfajbon,Chrome Web Store,
kcjcogkcebfnmloijkngamncnimhefoe,Chrome Web Store,
objjdlekohkfgdnoahneiacfgpaikdhn,Chrome Web Store,
fbdoonilnmmodjgiogpindcbaoinnglp,Chrome Web Store,
jcbiifklmgnkppebelchllpdbnibihel,Free VPN,
abgcmfemdmcmbkejjdfhpfojkmanppjl,AmazonSeller Filter,
adbkmnjpohaofhdfjlkhhljplkloceml,Roku TV for Chrome,
aiplpkidjcpbjopeallglaenfaipioko,Babbel - Learn Languages for Chrome,
anhjgljaheineabnonjadiflkaagfokj,Chrome Web Store,
baojmlgpmdcjjmaeljbaogakllakiigm,Cash App - Do more with your money,
bgeoifdgcnafonfffcmlcjbeldhocnpd,Hide YouTube Comments,
cahiacbilnjhofnmcoboghfaphoogkdn,FaceTime Pro - Enhanced Video Calling,
cghihblibekkgbbgkdidobaolahhdedo,Chrome Web Store,
cjlhobnbcccholccmbmldkmljpcomeed,Chrome Web Store,
cmkoiggpbaihjjoepeeemnadgfljhgce,DropshipMeta - Download Aliexpress images &amp; description,
dcjfbgppfdokmjgajnnkgdmkdeiloigh,Picsart: AI Photo Video Editor,
djlbebjngkeppffodchflfhafmmeceoc,Chrome Web Store,
dogbgifloijmmnnehjfpepdfjpjjmcfi,Chrome Web Store,
ebofegihefblgildgndojdabepjmkdbf,Extension Meitu for Chrome,
edindlabbmapcfpihjcfnkkeanlcbdhk,Hypic - Photo Editor,
eebagoopeibddoicipkajpdpogoffoon,WPS Office for Chrome,
eefampjmgmpmglccekaanhopjfhmafld,Extension Excel Spreadsheets for Chrome,
efpkbbhmfgmcaimcehbojooppjkogjpk,Event Tracking Tracker,
ehkijipaaenenlhkaimpceckalmlmfdi,PictureThis - Plant Identifier for Chrome,
ehpejpjfeifejjhccccigpcimipmkbne,Discord Privacy Extension,
eiokiikcmmbmkboojnmjnhkibdnpeamc,Chrome Web Store,
ffehilkggmnjbmcpcbknfnkojmnmgeke,Pokemon TCG Pocket Online,
ffkhjnlfjbgljofdaogfcjmcjokhlhkk,ADP Copy &amp; Paste,
fhecadckkcelbodcopcpmppdedgjhnob,Vinkle Video Editor,
fkdidnbnhoglefobeageimpefmgnjfbk,Chrome Web Store,
fkpdmnllplmdeopieofgfighgcchagel,McDonald&#39;s Browser Extension,
fpmdblcjhncmgeimkfmfmlcmpefpchml,PaintShop Pro for Chrome,
ghhhfgpngiooinjeiamkcijmpdhdgidb,Peacock TV Stream TV &amp; Movies,
ghmoladlnkoehcepohdpaglmfhplmfkp,Chrome Web Store,
gmeeeonagfgjjaliakkkfbgjbagnkmmg,Chrome Web Store,
gniocjpkmpggmpaelmjdpekbjmchdhci,Streaming Hub - Tubi HBO Amazon Prime,
gnmdllojolkjkmgkcpoidgjkoegodnll,Chrome Web Store,
hcpncginlblddendcdnpockbjmojfpbj,Tab Silencer Pro,
hglpafopgdpcgegbiccbpmimjdghagjf,Canva app,
hgphdkomkmjcaonfcijgbfemjfbjagbj,Extension Word Edit Documents for Chrome,
hlcjombmdmnbilkfhcjdaefgllbcfela,Chrome Web Store,
hmioahjpdeinblnhlcmaglhbbkmcpepk,Chrome Web Store,
hoogdcdejjakfcholdbhhddoplcfoppj,Discord Message Logger,
iiipdgihibeefajenabgmimpocgncnhd,Pixiv Filter,
ijhbioflmfpgfmgapjnojopobfncdeif,Chrome Web Store,
jaallccopdnbeomcnmleelehelbicjdo,Strava GPX downloader,
jafococjldenjimekckbidpieekjagef,Chrome Web Store,
jcoalibkflfdjjaldjobodcmgjmljfdf,Among Us Unblocked,
jdagdhhgaljeajmjdgldpbgbbiakdjdm,cast player,
jgjeheokdgenniggodfoheoklihijcbm,CamScanner Extension,
jjbnimknldmndoffkccbmjhfdlneiapp,Adobe Premiere Pro Extension,
jkojgmebbdagchpibcgaglghfejkkjmo,VivaVideo - Video Editor&amp;Maker,
jnkbjjbonlldehfppipjklokcoldmkkg,Chrome Web Store,
kbaofbaehfbehifbkhplkifihabcicoi,Chrome Web Store,
kbpjlgdakcecpkdhpfkjmicpgjdhkbpp,Zoom Web Enhancement Suite,
kcjlhnbjmnhpmehndjgnbhanjnjonhmd,Chrome Web Store,
khggmpoiighnlkmppaofcklcpiclaelb,Chrome Web Store,
kjbpjdklnajlbnmaamncenafodoikakp,ABPV America&#39;s best pics&amp;vids,
kpccfpbaheeamkjkcgedklfmcgmckcik,DxO PhotoLab 8: RAW photo editing at its finest,
lgnnkihpnbnifngajpnlgheppighgjgl,Bing Chat for All Browsers,
lifjpamfjcekmkaaagcmkhnjoifpcgga,Save for Instagram,
lmfpffkdhfklmcchmbgepbhjcddcdkfn,Chrome Web Store,
mhlimdngcoapeiclnpipknneeahhlido,Extension KineMaster for Chrome,
nbboeebkcbmofcppbbjbkmnbdnpkmcpl,Zara for Chrome,
ncammloaampoflcfebafbkaafikagjpi,InShot - Powerful all-in-one,
nfadifbdnjaeelbcjpllmlegedjlgaob,YouTube Full Screen Video,
nhlkodgllgofeknifhfbhinidlhpimcp,Filmora for Chrome | Photo &amp; V Editor,
nimnhhcainjoacphlmhbkodofenjgobh,Chrome Web Store,
njajnpniamhehlljdganpikbmgdnjjjc,Pandora Web Enhancer,
ocdpjmmibmnajfkkbihijjnpcenffnao,Cap Cut Video Editor,
ocohphohhbkcebbfoffeobdiamhckojh,Chrome Web Store,
ofgiijkcgodogbeidgbkmhjpajnapfkc,Extension Photo Lab Picture Editor &amp; Art,
pgfjnclkpdmocilijgalomiaokgjejdm,Chrome Web Store,
dgfaekieonkobpaklglncjmjibbbpnod,Anime Cursor ★ Custom Cursor for Chrome™,
blibecomdmpcndbgkinclhaokmaheild,KPop Demon Hunters Cursor ★ Custom Cursor for Chrome™,
eenfkghojihnhnninifhndjilpibchki,Peanuts Cursor ★ Custom Cursor for Chrome™,
cembgjjgklolpjnbjmemmfmlkfmklood,Lilo &amp; Stitch Cursor ★ Custom Cursor for Chrome™,
eljclcigelmfnomncdefdkbgnbbilnel,Hello Kitty Cursor ♥ Custom Cursor for Chrome™,
jddaakabhmcbgfnbkgcjfeigbnbcdjgn,BTS Cursor ★ Custom Cursor for Chrome™,
domdcfhmjfdchcegjmnjbioejdphmnio,Cinnamoroll Cursor ★ Custom Cursor for Chrome™,
nlppklcmgfgaploglaakimdlfgeinajj,Blue Lock Cursor ★ Custom Cursor for Chrome™,
pahlnbfkogncdbkaeaamcmpmhjecicmh,Capybara Cursor ★ Custom Cursor for Chrome™,
enemknlfbkchplbhdflblafnpfmgdpib,My Hero Academia Cursor ★ Custom Cursor for Chrome™,
aobjbhiaoljpdpeappmepnhdhklkijjp,Cat Cursor ♥ Custom Cursor for Chrome™,
ldonikoaoafdiccjpkpcgplphedemnma,Pochacco Cursor ★ Custom Cursor for Chrome™,
midamgpdhbehjnjchnegghbhnpkcljmd,Chiikawa Cursor ★ Custom Cursor for Chrome™,
ihpaojljekidelbeegeekmkinheehbje,Chrome Web Store,
lcahlhmejfgofgednancmbfmflaoihld,Jujutsu Kaisen Cursor ★ Custom Cursor for Chrome™,
gpacldldkpfobgbdabaollodfoilfela,Pokemon Cursor ★ Custom Cursor for Chrome™,
jfliobjbgdclhcjgpgimckaijlcbkmdk,Haikyuu Cursor ★ Custom Cursor for Chrome™,
dobjkkoopofegeinkiepblgidnigchoo,Preppy Cursor ★ Custom Cursor for Chrome™,
nichemncnkkplpkgpndnnedokokhoeam,Pusheen Cursor ★ Custom Cursor for Chrome™,
elfcaiclmhkioadcpikkonlnanaakmem,Solo Leveling Cursor ★ Custom Cursor for Chrome™,
ahofgjkfjljcliehioeefaanagffnffa,Star Wars Cursor ★ Custom Cursor for Chrome™,
pmlcfgndjofkkpimdenhpkmdbmnbfend,Sonic the Hedgehog Cursor ★ Custom Cursor for Chrome™,
fkbjmjplmceabidmaloaffkmanglpfoe,Soccer Cursor ★ Custom Cursor for Chrome™,
gkbilebmkjlflcijbecemkmgkhnenakm,Brawl Stars Cursor ★ Custom Cursor for Chrome™,
caeneogdipddninidgnoamjaglmmlmoo,Dandadan Cursor ★ Custom Cursor for Chrome™,
flpfhaclifodhjecdjjdnefcjfnflcpp,Harry Potter Cursor ★ Custom Cursor for Chrome™,
ofjldebeoclakifeeoidicojpinkllmc,Hollow Knight Cursor ★ Custom Cursor for Chrome™,
ajcnllagebcaahcdfbappndlmhmpdhif,Avengers Cursor ★ Custom Cursor for Chrome™,
oodhphlpepgoccemjgpedagbpfelcpdl,Hunter x Hunter Cursor ★ Custom Cursor for Chrome™,
amomkbhjghmegifhopipecfioeelecal,Plants vs. Zombies Cursor ★ Custom Cursor for Chrome™,
boolceociingmfoakiaiikpcnbcbajfm,Blackpink Cursor ★ Custom Cursor for Chrome™,
gdnhbhfhnjcfhakagfdeeblhnpjcfjnn,Winnie The Pooh Cursor ★ Custom Cursor for Chrome™,
fphiegmeigkjnjcpmdoecllfeanfbbhd,Squid Game Cursor ★ Custom Cursor for Chrome™,
mifleipondphdoaampgmkndjjkfldmdb,Super Mario Cursor ★ Custom Cursor for Chrome™,
maookbdaoegaepgklgimmakbcfjdmbhf,Peppa Pig Cursor ★ Custom Cursor for Chrome™,
jddgindpdjdojhenigliipabmmckcofh,Supercars Cursor ★ Custom Cursor for Chrome™,
cfolcjmcamelkgoopjddgbnaobjihmcn,Kirby Cursor ★ Custom Cursor for Chrome™,
mpidnflfogjjkchbllplcpcdoifgnjjj,Spy x Family Cursor ★ Custom Cursor for Chrome™,
jalaoplogcelljfhlodnagfepednmilm,Dragon Ball Cursor ★ Custom Cursor for Chrome™,
dbjpighofpljmoogjcbhghlnlnepmmie,Back to School Cursor ★ Custom Cursor for Chrome™,
iglgfjffffiknjajejaleginhanmejec,Naruto Cursor ★ Custom Cursor for Chrome™,
mndeiclfmpndlbkklepkbjihkaccfcod,The Simpsons Cursor ★ Custom Cursor for Chrome™,
cbgmidgpbbholpniehflilcaacpfipob,Musicians and Singers Cursor ★ Custom Cursor for Chrome™,
knomkjoeecgejmhchcpmpbdpfdphpgpo,Poppy Playtime Cursor ★ Custom Cursor for Chrome™,
ondkeebbobdggpgmdnimdcnopmckcabp,Five Nights at Freddy&#39;s Cursor ★ Custom Cursor for Chrome™,
anjoapnmcdcndaagonoiindlklkpmnmh,Brawl Stars Cursor - Custom Game Cursor for Chrome,
bjacehmkdjdpknkoomphgfheehjfiocg,Black Clover Cursor - Custom Anime Cursor for Chrome,
cckgnbinkelflpimkpadlfmlpbbagmka,Bleach Cursor - Custom Anime Cursor for Chrome,
dnfjhcohapaoibiekobphekeohdamjbi,Futurama Cursor - Custom Cartoon Cursor for Chrome,
eioefbifkjcfpkdoghnndbceebbohkcd,Genshin Impact Cursor - Custom Cartoon Cursor for Chrome,
fghhbjaoopknmbecbghnhnfapabhjhhg,Dragon Ball Cursor - Custom Anime Cursor for Chrome,
gkjbbfabeojdbiabpjapkjnhpnjcckbf,FNaF Cursor - Custom Horror Cursor for Chrome,
gmjibldihkpammmelmkiipjcgmhdcdmb,Dogs Cursor - Custom Dog Cursor for Chrome,
hdholjicmhinpjcbmigoffjedkiihlen,Death Note Cursor - Custom Anime Cursor for Chrome,
igmblpicjfppdloljoabpiafdlokogno,Fallout Cursor - Custom Game Cursor for Chrome,
kfnphajojmcoapplfnocpegelkfjndom,Country Flags Cursor - Custom Flag Cursor for Chrome,
lmjdeimbphcbnfekpgblhlbhknpmaoij,Hello Kitty Cursor - Custom Kawaii Cursor for Chrome,
lmnmfkhppclolpdbdabpbhladegibpgi,Demon Slayer Cursor - Custom Anime Cursor for Chrome,
mopjnoodlnbnkocfefcgnmnlbcmgekof,Spiderman Cursor - Custom Cursor for Chrome,
pgmiigclfodaendfgenfbmcfoefaljda,Attack on Titan Cursor - Custom Anime Cursor for Chrome,
bhcjjbencodlgfoneipfnnpclempbdka,One Piece Cursor - Custom Anime Cursor for Chrome,
dnhfbehomlbkmimmmoejcmcondhmebia,Kirby Cursor Cursor for Chrome,
emekjhecncemhkpoolndbgmbgfieipdh,Pac-Man Cursor - Custom Retro Cursor for Chrome,
ijccagageaijbfaefkflkepnglppdlnn,Hunter x Hunter Cursor - Custom Anime Cursor for Chrome,
kdnnogfmhpppncphlnecbdhoggpmbkci,Squid Game Cursor - Custom Korean Drama Cursor for Chrome,
kkchefmfekacdingcjkgiaggdafolhen,Minecraft Cursor for Chrome,
lalcmboamkljbdlgjfockddndpfoiojc,One-Punch Man Cursor - Custom Anime Cursor for Chrome,
lmjocpjbilfamkogfpbecdhefcjffbhb,Soccer Cursor - Custom Sports Cursor for Chrome,
ngiaafjblpmiejfgcnfcolhdccmaafjg,Basketball Cursor - Custom Sports Game Cursor for Chrome,
nmkpckdpiikfoenhfaognmajhpgpoobg,Animal Crossing Cursor - Custom Nintendo Game Cursor for Chrome,
oalffknmmdipjphppkcnffnfefljelcm,My Hero Academia Cursor - Custom Anime Cursor for Chrome,
oiogpbnonmepejhhmhgnmmpofkknomcf,Spy x Family Cursor - Custom Anime Cursor for Chrome,
pdneeecaedebfjpkhdobgcnapfdffbbk,South Park Cursor - Custom Cartoon Cursor for Chrome,
pgbhmanighehdihhgcfodcecphdakkgn,Naruto Cursor - Custom Anime Cursor for Chrome,
pjfjconkopcckeanlhklghfogkdhnegk,Pusheen Cursor - Custom Kawaii Cursor for Chrome,
emedckhdnioeieppmeojgegjfkhdlaeo,Where is Cookie?,
pdkmmfdfggfpibdjbbghggcllhhainjo,Chrome Web Store,
didhgeamncokiaegffipckhhcpnmlcbl,Chrome Web Store,
gomekmidlodglbbmalcneegieacbdmki,Avast Online Security &amp; Privacy,
nbmoafcmbajniiapeidgficgifbfmjfo,AVG Online Security,
hjngolefdpdnooamgdldlkjgmdcmcjnc,Equatio - Math made digital,
nlipoenfbbikpbjkfpfillcgkoblgpmj,Awesome Screen Recorder &amp; Screenshot,
mfpiaehgjbbfednooihadalhehabhcjo,Scrolling screenshot tool &amp; screen capture,
gpaiobkfhnonedkhhfjpmhdalgeoebfa,Chrome Web Store,
lmbopdiikkamfphhgcckcjhojnokgfeo,Connecteur Antidote,
cimpffimgeipdhnhjohpbehjkcdpjolg,Watch2Gether,
egjidjbpglichdcondbcbdnbeeppgdph,Trust Wallet,
llaficoajjainaijghjlofdfmbjpebpa,"Speed Dial [FVD] - New Tab Page, 3D, Sync...",
lnbmbgocenenhhhdojdielgnmeflbnfb,SellerSprite - Amazon Research Tool,
coplmfnphahpcknbchcehdikbdieognn,TripChipper (TravelArrow) - Travel Better,
cofdbpoegempjloogbagkncekinflcnj,DeepL: translate and write with AI,Active
ccnpdidcjgcdgaopacccfghmgdlipnoc,Laser Cat,Active
